{"cameraMode":{"drawMode":0,"name":"Shaded","section":"Shading Mode"},"sceneLighting":false,"audioPlay":false,"sceneViewState":{"m_AlwaysRefresh":false,"showFog":true,"showSkybox":false,"showFlares":true,"showImageEffects":true,"showParticleSystems":true,"showVisualEffectGraphs":true,"m_FxEnabled":true},"in2DMode":false,"pivot":{"x":0.03280067443847656,"y":4.566553115844727,"z":0.019495010375976564},"rotation":{"x":0.0384468138217926,"y":-0.957902729511261,"z":0.15390750765800477,"w":0.23928575217723847},"size":4.296823978424072,"orthographic":false}