{"cameraMode":{"drawMode":0,"name":"Shaded","section":"Shading Mode"},"sceneLighting":false,"audioPlay":false,"sceneViewState":{"m_AlwaysRefresh":false,"showFog":true,"showSkybox":false,"showFlares":true,"showImageEffects":true,"showParticleSystems":true,"showVisualEffectGraphs":true,"m_FxEnabled":true},"in2DMode":false,"pivot":{"x":-0.004478573799133301,"y":1.4859288930892945,"z":-0.22334519028663636},"rotation":{"x":0.14880381524562837,"y":0.5696704387664795,"z":-0.10578485578298569,"w":0.8013430833816528},"size":1.565569281578064,"orthographic":true}