{"cameraMode":{"drawMode":0,"name":"Shaded","section":"Shading Mode"},"sceneLighting":true,"audioPlay":false,"sceneViewState":{"m_AlwaysRefresh":false,"showFog":true,"showSkybox":true,"showFlares":true,"showImageEffects":true,"showParticleSystems":true,"showVisualEffectGraphs":true,"m_FxEnabled":true},"in2DMode":false,"pivot":{"x":455.9823303222656,"y":139.64125061035157,"z":399.35772705078127},"rotation":{"x":-0.1337098926305771,"y":-0.8164399266242981,"z":0.20942886173725129,"w":-0.5212445259094238},"size":15.479188919067383,"orthographic":true}